<?xml version="1.0" encoding="UTF-8"?>
<project-private xmlns="http://www.netbeans.org/ns/project-private/1">
    <editor-bookmarks xmlns="http://www.netbeans.org/ns/editor-bookmarks/2" lastBookmarkId="0"/>
    <open-files xmlns="http://www.netbeans.org/ns/projectui-open-files/2">
        <group>
            <file>file:/C:/Users/Parker/Documents/GitHub/Fuck/CE420/Lab06/Lab06.X/sonar.h</file>
            <file>file:/C:/Users/Parker/Documents/GitHub/Fuck/CE420/Lab06/Lab06.X/sonar.c</file>
            <file>file:/C:/Users/Parker/Documents/GitHub/Fuck/CE420/Lab06/RealLab6.X/disassembly/listing.disasm</file>
            <file>file:/C:/Users/Parker/Documents/GitHub/Fuck/CE420/Lab06/Lab06.X/main.c</file>
        </group>
    </open-files>
</project-private>
