<?xml version="1.0" encoding="UTF-8"?>
<project-private xmlns="http://www.netbeans.org/ns/project-private/1">
    <editor-bookmarks xmlns="http://www.netbeans.org/ns/editor-bookmarks/2" lastBookmarkId="0"/>
    <open-files xmlns="http://www.netbeans.org/ns/projectui-open-files/2">
        <group>
            <file>file:/home/ben/Sync/school/CE420/Lab05/Lab05.X/main.c</file>
            <file>file:/home/ben/Sync/school/CE420/Lab05/Lab05.X/seven_seg.h</file>
            <file>file:/home/ben/Sync/school/CE420/Lab05/Lab05.X/keypad.c</file>
            <file>file:/home/ben/Sync/school/CE420/Lab05/Lab05.X/seven_seg.c</file>
            <file>file:/home/ben/Sync/school/CE420/Lab05/Lab05.X/keypad.h</file>
        </group>
    </open-files>
</project-private>
